ajcc_stage,rmst_months,patient_count,events
Stage IA,54.827344358333335,15,2
Stage IB,44.46894714000066,39,10
Stage II,43.79584713454154,33,10
Stage IIA,41.595894767366815,41,10
Stage IIB,42.81334003300885,56,16
Stage IIIA,32.66632289011933,81,37
Stage IIIB,33.48995732409303,63,28
Stage IIIC,30.057085609810457,39,18
Stage IV,23.068807796836744,44,27
